<?xml version="1.0" encoding="UTF-8"?>
<beans xmlns="http://www.springframework.org/schema/beans"
    xmlns:xsi="http://www.w3.org/2001/XMLSchema-instance"
    xsi:schemaLocation="
        http://www.springframework.org/schema/beans http://www.springframework.org/schema/beans/spring-beans.xsd">
	
	<bean name="address1" class="com.badan.springuser.Address">
		<constructor-arg value="Mathura" index="0"/>
		<constructor-arg value="UttarPradesh" index="1"/>
		<constructor-arg value="281405"/>
	</bean>
	<bean name="tb" class="com.badan.springuser.PersonBean">
		<constructor-arg value="Badan Singh"/>
		<constructor-arg ref="address1"/>
	</bean>
</beans>