<?xml version="1.0" encoding="UTF-8"?>
<!DOCTYPE beans PUBLIC "-//SPRING//DTD BEAN 2.0//EN"
        "http://www.springframework.org/dtd/spring-beans-2.0.dtd">

<beans>
	<bean name="ds" class="org.springframework.jdbc.datasource.DriverManagerDataSource">
		<property name="driverClassName" value="com.mysql.jdbc.Driver"/>
		<property name="url" value="jdbc:mysql://localhost:3306/badan1"/>
		<property name="username" value="root"/>
		<property name="password" value="root"/>	
	</bean>
	
	<bean name="jdbcTemplate" class="org.springframework.jdbc.core.JdbcTemplate">
		<property name="dataSource">
			<ref bean="ds"></ref>
		</property>
	</bean>
	<bean name="od" class="com.spring.dao.OprationDao">
		<constructor-arg ref="jdbcTemplate"/>
	</bean>
</beans>