<?xml version="1.0" encoding="UTF-8"?>
<beans xmlns="http://www.springframework.org/schema/beans"
    xmlns:xsi="http://www.w3.org/2001/XMLSchema-instance"
    xsi:schemaLocation="
        http://www.springframework.org/schema/beans http://www.springframework.org/schema/beans/spring-beans.xsd">

	<bean name="xyz" class="com.badan.springset.TestBean">
		<constructor-arg>
			<set>
				<value>Badan Singh</value>
				<value>Pawan Kumar</value>
				<value>Jai Kumar</value>
				<value>Shri Needhi</value>
			</set>
		</constructor-arg>
	</bean>
</beans>