<?xml version="1.0" encoding="UTF-8"?>
<beans xmlns="http://www.springframework.org/schema/beans"
    xmlns:xsi="http://www.w3.org/2001/XMLSchema-instance"
    xsi:schemaLocation="
        http://www.springframework.org/schema/beans http://www.springframework.org/schema/beans/spring-beans.xsd">
<bean name="abc" class="com.badan.springmap.TestBean">
	<constructor-arg>
		<map>
			<entry key="20" value="Ram"/>
			<entry key="10" value="Shayam"/>
			<entry key="100" value="Krishna"/>
			<entry key="200" value="Prabhu"/>
			<entry key="300" value="Radha"/>
		</map>
	</constructor-arg>
</bean>
</beans>